Workbook

Sheet Summary
A1: Hindi ASR Evaluation — Summary
A2: Generated: 2026-05-20 17:41:08 | D2: Total audios: | E2: =COUNTA('Evaluation'!A2:A351)
A4: Per-Method Accuracy Statistics
A5: Method | B5: Average % | C5: Min % | D5: Max % | E5: Std Dev %
A6: Script | B6: =IFERROR(ROUND(AVERAGE('Evaluation'!G2:G351),2),0) | C6: =IFERROR(MIN('Evaluation'!G2:G351),0) | D6: =IFERROR(MAX('Evaluation'!G2:G351),0) | E6: =IFERROR(ROUND(STDEV('Evaluation'!G2:G351),2),0)
A7: LLM | B7: =IFERROR(ROUND(AVERAGE('Evaluation'!H2:H351),2),0) | C7: =IFERROR(MIN('Evaluation'!H2:H351),0) | D7: =IFERROR(MAX('Evaluation'!H2:H351),0) | E7: =IFERROR(ROUND(STDEV('Evaluation'!H2:H351),2),0)
A9: Best-Performing Method (by average accuracy)
A10: Winner: | B10: =IF(B6>=B7,"Script","LLM") | C10: Best average: | D10: =MAX(B6,B7)
A12: Best & Worst Sample per Method
A13: Method | B13: Best Sample | C13: Best % | D13: Worst Sample | E13: Worst %
A14: Script | B14: =IFERROR(INDEX('Evaluation'!A2:A351,MATCH(MAX('Evaluation'!G2:G351),'Evaluation'!G2:G351,0)),"") | C14: =IFERROR(MAX('Evaluation'!G2:G351),0) | D14: =IFERROR(INDEX('Evaluation'!A2:A351,MATCH(MIN('Evaluation'!G2:G351),'Evaluation'!G2:G351,0)),"") | E14: =IFERROR(MIN('Evaluation'!G2:G351),0)
A15: LLM | B15: =IFERROR(INDEX('Evaluation'!A2:A351,MATCH(MAX('Evaluation'!H2:H351),'Evaluation'!H2:H351,0)),"") | C15: =IFERROR(MAX('Evaluation'!H2:H351),0) | D15: =IFERROR(INDEX('Evaluation'!A2:A351,MATCH(MIN('Evaluation'!H2:H351),'Evaluation'!H2:H351,0)),"") | E15: =IFERROR(MIN('Evaluation'!H2:H351),0)
A17: Mismatch Volume (rows with at least one mismatch)
A18: Method | B18: Rows With Mismatches | C18: % of Total
A19: Script | B19: =COUNTIF('Evaluation'!I2:I351,"?*") | C19: =IFERROR(ROUND(COUNTIF('Evaluation'!I2:I351,"?*")/COUNTA('Evaluation'!A2:A351)*100,2),0)
A20: LLM | B20: =COUNTIF('Evaluation'!J2:J351,"?*") | C20: =IFERROR(ROUND(COUNTIF('Evaluation'!J2:J351,"?*")/COUNTA('Evaluation'!A2:A351)*100,2),0)
A23: Methodology
A24: Benchmark column (C): Urdu Nastaliq → Roman Urdu via the rule-based
A25: urdu_to_roman_urdu script at the project root.
A26: 4-layer pipeline: word-level direct lookup (data/lexicons.json → urdu_direct)
A27: → per-character phonemic map with default short-vowel insertion
A28: → word-ending normalisation → shared CORRECTIONS lexicon.
A29: Deterministic, offline, editable by adding entries to data/lexicons.json.
A30: Methods scored against the benchmark:
A31: • Script (col E): hindi_to_roman_urdu.transliterate on the Hindi ASR output.
A32: • LLM (col F): Ollama Qwen3 transliteration of the Hindi ASR output.
A33: Accuracy: fuzzy word-level match against the script benchmark (col C).
A34: Tokens within 70% character-similarity count as matches.
... A36: the corresponding Roman ASR cells (cols E/F).

Sheet Evaluation
A1: Audio File Name | B1: Benchmark Urdu (Nastaliq) | C1: Benchmark Roman Urdu (script) | D1: Hindi ASR (Devanagari) | E1: Roman ASR — Script method | F1: Roman ASR — LLM method | G1: Accuracy % — Script | H1: Accuracy % — LLM | I1: Mismatched — Script | J1: Mismatched — LLM | K1: ASR Time (s) | L1: Status / Notes | M1: h_matched_script | N1: h_total_script | O1: h_matched_llm | P1: h_total_llm
A2: common_voice_ur_31771683.wav | B2: کبھی کبھار ہی خیالی پلاو بناتا ہوں | C2: kabhi kabhaar hi khayali pulao banata hoon | D2: कभी कबार ही ख़ैयाली प्लाव बनाता हूँ | E2: kabhi kabaar hi khaiyali plaaw banata hoon | G2: =IFERROR(ROUND(M2/N2*100,2),0) | H2: =IFERROR(ROUND(O2/P2*100,2),0) | I2: plaaw | K2: 6.55 | L2: ok | M2: 6 | N2: 7 | O2: 0 | P2: 0
A3: common_voice_ur_31771684.wav | B3: اور پھر ممکن ہے کہ پاکستان بھی ہو | C3: aur phir mumkin hai ke Pakistan bhi ho | D3: और फिर मुमकिन है कि पाकिस्तान भी हो। | E3: aur phir mumakin hai ki Pakistan bhi ho. | G3: =IFERROR(ROUND(M3/N3*100,2),0) | H3: =IFERROR(ROUND(O3/P3*100,2),0) | I3: ki | K3: 3.53 | L3: ok | M3: 7 | N3: 8 | O3: 0 | P3: 0
A4: common_voice_ur_31771685.wav | B4: یہ فیصلہ بھی گزشتہ دو سال میں | C4: yeh faisla bhi guzashta do saal mein | D4: ये फैसला भी गुजरिशता दो साल में | E4: yeh faisla bhi gujarishta do saal mein | G4: =IFERROR(ROUND(M4/N4*100,2),0) | H4: =IFERROR(ROUND(O4/P4*100,2),0) | K4: 4.68 | L4: ok | M4: 7 | N4: 7 | O4: 0 | P4: 0
A5: common_voice_ur_31771730.wav | B5: ان کے بلے بازوں کے سامنے ہو گا | C5: in ke bale baazon ke saamane ho ga | D5: इनके बले बाजू के सामने होगा। | E5: inke bale baajoo ke saamne hoga. | G5: =IFERROR(ROUND(M5/N5*100,2),0) | H5: =IFERROR(ROUND(O5/P5*100,2),0) | I5: inke, bale, baajoo, hoga | K5: 3.8 | L5: ok | M5: 2 | N5: 8 | O5: 0 | P5: 0
A6: common_voice_ur_31771732.wav | B6: آبی جانور میں بطخ بگلا اور دُوسْرا آبی پرندہ شامل ہونا | C6: aabi jaanor mein batakh bagala aur duosra aabi parnada shaamal hona | D6: आबी जानवर में बतख, भलगा और दूसरा आबी परिंदा शामिल होना। | E6: aabi jaanawar mein batakh, bhalga aur doosra aabi parinda shaamil hona. | G6: =IFERROR(ROUND(M6/N6*100,2),0) | H6: =IFERROR(ROUND(O6/P6*100,2),0) | I6: bhalga | K6: 7.76 | L6: ok | M6: 10 | N6: 11 | O6: 0 | P6: 0
A7: common_voice_ur_31771880.wav | B7: اِس طےشدہ مدت میں میرے ذمے پڑھانے کا کام کافی ہلکا ہے | C7: is teshda madat mein mire zame parhane ka kaam kafi halaka hai | D7: इस्तेशुदा मुद्दे में मेरे जिम्मे पढ़ाने का काम काफी हल्का है। | E7: isteshuda mudde mein mere jimme parhane ka kaam kaaphi halka hai. | G7: =IFERROR(ROUND(M7/N7*100,2),0) | H7: =IFERROR(ROUND(O7/P7*100,2),0) | I7: mudde, jimme, kaaphi | K7: 3.89 | L7: ok | M7: 8 | N7: 12 | O7: 0 | P7: 0
A8: common_voice_ur_31771882.wav | B8: فلمیں دیکھنی ہوں۔ | C8: filmein dikhani hoon. | D8: फिल्में देखनी हो। | E8: philmen dekhni ho. | G8: =IFERROR(ROUND(M8/N8*100,2),0) | H8: =IFERROR(ROUND(O8/P8*100,2),0) | I8: ho | K8: 2.98 | L8: ok | M8: 2 | N8: 3 | O8: 0 | P8: 0
A9: common_voice_ur_31771884.wav | B9: دوسرا اس وجہ سے کہ اس کی پشت پر ذرائع ابلاغ ہیں۔ | C9: dosara is wajah se ke is ki pashat par zraai ablaagh hain. | D9: दूसरा इस वजह से के इसकी पुष्ट पर जराए अबालगा हैं। | E9: doosra is wajah se ke iski pusht par jaraae abaalga hain. | G9: =IFERROR(ROUND(M9/N9*100,2),0) | H9: =IFERROR(ROUND(O9/P9*100,2),0) | I9: iski, jaraae | K9: 3.68 | L9: ok | M9: 9 | N9: 12 | O9: 0 | P9: 0
A10: common_voice_ur_31771885.wav | B10: اسکے معانی پر اور مفہوم پر کبھی غورکیا بھی نہیں | C10: asake mani par aur mafhom par kabhi ghorakiaa bhi nahi | D10: इसके माइनी पर और मफ़ोम पर कभी घोर किया भी नहीं। | E10: iske maaini par aur mafom par kabhi ghor kiya bhi nahi. | G10: =IFERROR(ROUND(M10/N10*100,2),0) | H10: =IFERROR(ROUND(O10/P10*100,2),0) | I10: iske, ghor, kiya | K10: 3.7 | L10: ok | M10: 8 | N10: 10 | O10: 0 | P10: 0
A11: common_voice_ur_31771886.wav | B11: ماتحت عدالتیں کس خوف کا شکار تھیں؟ | C11: maathat daalatin kis khauf ka shikar thin? | D11: मातृत्व अदालतें किस खौफ का शिकार थीं? | E11: maatritw adaalaten kis khauph ka shikaar thin? | G11: =IFERROR(ROUND(M11/N11*100,2),0) | H11: =IFERROR(ROUND(O11/P11*100,2),0) | I11: maatritw | K11: 3.44 | L11: ok | M11: 6 | N11: 7 | O11: 0 | P11: 0
A12: common_voice_ur_31772051.wav | B12: پانی کی ایک عجیب خاصیت تھی | C12: pani ki aik ajeeb khasiyat thi | D12: पानी की एक अजीब खासियत थी। | E12: pani ki ek ajeeb khaasiyat thi. | G12: =IFERROR(ROUND(M12/N12*100,2),0) | H12: =IFERROR(ROUND(O12/P12*100,2),0) | I12: ek | K12: 6.79 | L12: ok | M12: 5 | N12: 6 | O12: 0 | P12: 0
A13: common_voice_ur_31776227.wav | B13: چیئرمین پیس بی کی نیوزی لینڈ کو دورہ پاکستان کی پیشکش | C13: chairman pis B ki New Zealand ko daura Pakistan ki peshkash | D13: चेयरमैन पीसीबी की न्यूजीलैंड को दौरे पाकिस्तान की पेशकश | E13: cheyaramain peeseebi ki nyoojeelaind ko daure Pakistan ki peshakash | G13: =IFERROR(ROUND(M13/N13*100,2),0) | H13: =IFERROR(ROUND(O13/P13*100,2),0) | I13: cheyaramain, peeseebi, nyoojeelaind | K13: 3.75 | L13: ok | M13: 6 | N13: 11 | O13: 0 | P13: 0
A14: common_voice_ur_31776229.wav | B14: سمیت پاکستان کے تمام بڑے شہروں کے | C14: samit Pakistan ke tmaam bare shaharon ke | D14: समेत पाकिस्तान के तमाम बड़े शहरों के | E14: samet Pakistan ke tamaam bare shaharon ke | G14: =IFERROR(ROUND(M14/N14*100,2),0) | H14: =IFERROR(ROUND(O14/P14*100,2),0) | K14: 3.28 | L14: ok | M14: 7 | N14: 7 | O14: 0 | P14: 0
A15: common_voice_ur_31776231.wav | B15: جو یَہاں کا جنگلات کےحسن کو چار چاند لگنا دینا ہونا | C15: jo yhaan ka janglaat kehsan ko char chaanad lagana dina hona | D15: जो यहाँ के जंगलात के हुसन को चांद चांद लगना देना होना। | E15: jo yahan ke jangalaat ke husan ko chand chand lagna dena hona. | G15: =IFERROR(ROUND(M15/N15*100,2),0) | H15: =IFERROR(ROUND(O15/P15*100,2),0) | I15: ke, ke, chand | K15: 3.81 | L15: ok | M15: 9 | N15: 11 | O15: 0 | P15: 0
A16: common_voice_ur_31776296.wav | B16: فلم اچھا بزنس نہ کرتی ہو۔ | C16: film achha baznas na karti ho. | D16: फिल्म अच्छा बिजनेस ना करती हो। | E16: film acha bijanes na karti ho. | G16: =IFERROR(ROUND(M16/N16*100,2),0) | H16: =IFERROR(ROUND(O16/P16*100,2),0) | I16: bijanes | K16: 3.23 | L16: ok | M16: 5 | N16: 6 | O16: 0 | P16: 0
A17: common_voice_ur_31776298.wav | B17: صرف کام کرو کھانا کھاؤ ٹیکس دو کام ختم اور ہم بھی فارخ | C17: saraf kaam karo khana khaao tikas do kaam khatam aur hum bhi faarakh | D17: सिर्फ़ काम करो, खाना खाओ, टैक्स दो, काम खत्म और हम भी फारम | E17: sirf kaam karo, khana khao, tax do, kaam khatm aur hum bhi phaaram | G17: =IFERROR(ROUND(M17/N17*100,2),0) | H17: =IFERROR(ROUND(O17/P17*100,2),0) | I17: sirf, tax, phaaram | K17: 4.09 | L17: ok | M17: 10 | N17: 13 | O17: 0 | P17: 0
A18: common_voice_ur_31776299.wav | B18: ٹیلنٹ خاک ہے۔ | C18: tilnat khaak hai. | D18: टैलेंट खाक है। | E18: tailent khaak hai. | G18: =IFERROR(ROUND(M18/N18*100,2),0) | H18: =IFERROR(ROUND(O18/P18*100,2),0) | K18: 5.36 | L18: ok | M18: 3 | N18: 3 | O18: 0 | P18: 0
A19: common_voice_ur_31776428.wav | B19: فیفا ورلڈ کپ پیرو نے اسٹریلیا کو شکست دیدی | C19: fifa orlad kap piro ne astariliaa ko shaksat didi | D19: फ़िफ़ा वर्ल्ड कप पीरो ने ऑस्ट्रेलिया को शिकस्त दे दी। | E19: fifa warld kap peero ne Australia ko shikast de D. | G19: =IFERROR(ROUND(M19/N19*100,2),0) | H19: =IFERROR(ROUND(O19/P19*100,2),0) | I19: warld, peero, de, d | K19: 5.11 | L19: ok | M19: 6 | N19: 9 | O19: 0 | P19: 0
A20: common_voice_ur_31776429.wav | B20: کچھ بھِی ممکن ہے نیو گِنی فنڈ کے متعلق کِیا خیال ہے | C20: kachh bhi mumkin hai nio gini fanad ke matlaq kya khayal hai | D20: कुछ भी मुमकिन है न्यूजीलैंड फंड के मुताबिक क्या ख्याल है? | E20: kuch bhi mumakin hai nyoojeelaind phand ke mutaabik kya khyaal hai? | G20: =IFERROR(ROUND(M20/N20*100,2),0) | H20: =IFERROR(ROUND(O20/P20*100,2),0) | I20: kuch, nyoojeelaind, phand, mutaabik | K20: 4.1 | L20: ok | M20: 7 | N20: 12 | O20: 0 | P20: 0
A21: common_voice_ur_31776430.wav | B21: اچھی حکومت وہی ہے جو اس کا موقع کم آنے دیتی ہے۔ | C21: achhi hakomat ohi hai jo is ka moqa kam aane diti hai. | D21: अच्छी अकोमत वही है जो इसका मौका काम आने देती है। | E21: achchi akomat wahi hai jo iska mauka kaam aane deti hai. | G21: =IFERROR(ROUND(M21/N21*100,2),0) | H21: =IFERROR(ROUND(O21/P21*100,2),0) | I21: wahi, iska, mauka | K21: 3.4 | L21: ok | M21: 8 | N21: 12 | O21: 0 | P21: 0
A22: common_voice_ur_31776431.wav | B22: میرا کہنا یہ تھا کہ ٹاک شو میں اصلا دو فریق ہیں۔ | C22: mera kehna yeh tha ke taak sho mein asala do fariq hain. | D22: मेरा कहना ये था कि टॉक शो में असला दो फरीक हैं। | E22: mera kehna yeh tha ki tok sho mein asla do phareek hain. | G22: =IFERROR(ROUND(M22/N22*100,2),0) | H22: =IFERROR(ROUND(O22/P22*100,2),0) | I22: ki, tok, phareek | K22: 3.38 | L22: ok | M22: 9 | N22: 12 | O22: 0 | P22: 0
A23: common_voice_ur_31776466.wav | B23: اس وقت فلائنگ کوچ کی سیٹ پر بیٹھے ہوئے | C23: is waqt flaainag koch ki sit par bithe hoie | D23: इस वक़त फ्लाइंग कोच की सीट पर बैठे हुए | E23: is waqt phlaaing koch ki seat par baithe hue | G23: =IFERROR(ROUND(M23/N23*100,2),0) | H23: =IFERROR(ROUND(O23/P23*100,2),0) | I23: seat, hue | K23: 3.31 | L23: ok | M23: 7 | N23: 9 | O23: 0 | P23: 0
A24: common_voice_ur_31776469.wav | B24: ملک ایک بار پھر دو جماعتی نظام کی طرف لوٹ گیا ہے۔ | C24: malak aik baar phir do jamati nzaam ki taraf lot gaya hai. | D24: मुल्क के एक बार फिर दो जमाती नजाम की तरफ लौट गया है। | E24: mulk ke ek baar phir do jamati najaam ki taraph laut gaya hai. | G24: =IFERROR(ROUND(M24/N24*100,2),0) | H24: =IFERROR(ROUND(O24/P24*100,2),0) | I24: mulk, ke, ek, laut | K24: 3.51 | L24: ok | M24: 9 | N24: 12 | O24: 0 | P24: 0
A25: common_voice_ur_31776595.wav | B25: وہ بیساکھیوں کے سہارے چل رہی ہے۔ | C25: woh bisaakhion ke sahare chal rahi hai. | D25: वो बासाकियों के सहारे चल रही है। | E25: woh baasaakiyon ke sahare chal rahi hai. | G25: =IFERROR(ROUND(M25/N25*100,2),0) | H25: =IFERROR(ROUND(O25/P25*100,2),0) | K25: 3.17 | L25: ok | M25: 7 | N25: 7 | O25: 0 | P25: 0
A26: common_voice_ur_31776598.wav | B26: پاکستان میں اسما | C26: Pakistan mein asama | D26: پاکستان می‌آسما. | E26: پاکستان می‌آسما. | G26: =IFERROR(ROUND(M26/N26*100,2),0) | H26: =IFERROR(ROUND(O26/P26*100,2),0) | I26: پاکستان, می‌آسما | K26: 2.94 | L26: ok | M26: 0 | N26: 3 | O26: 0 | P26: 0
A27: common_voice_ur_31777458.wav | B27: یہ بات اب عیاں ہے۔ | C27: yeh baat ab iaan hai. | D27: ये बात अब आया है। | E27: yeh baat ab aaya hai. | G27: =IFERROR(ROUND(M27/N27*100,2),0) | H27: =IFERROR(ROUND(O27/P27*100,2),0) | I27: aaya | K27: 2.8 | L27: ok | M27: 4 | N27: 5 | O27: 0 | P27: 0
A28: common_voice_ur_31777462.wav | B28: اب وقت گزر چکا ہے۔ | C28: ab waqt gazar chaka hai. | D28: अब वक्त गुजर चुका है। | E28: ab waqt gujar chuka hai. | G28: =IFERROR(ROUND(M28/N28*100,2),0) | H28: =IFERROR(ROUND(O28/P28*100,2),0) | I28: gujar | K28: 3.16 | L28: ok | M28: 4 | N28: 5 | O28: 0 | P28: 0
A29: common_voice_ur_31784922.wav | B29: نہ اخبار میں بیان چھپواتے ہیں۔ | C29: na akhbaar mein biaan chhapoaate hain. | D29: ना अखबार में बयान चपवाते हैं। | E29: na akhabaar mein bayaan chapawate hain. | G29: =IFERROR(ROUND(M29/N29*100,2),0) | H29: =IFERROR(ROUND(O29/P29*100,2),0) | K29: 4.03 | L29: ok | M29: 6 | N29: 6 | O29: 0 | P29: 0
A30: common_voice_ur_31784923.wav | B30: جنہیں دوسرے ٹیسٹ کی شکست نے برہنہ کر کے رکھ دیا ہے | C30: janahin dosare test ki shaksat ne barhana kar ke rakh diya hai | D30: जिन्हें दूसरे टेस्ट की शक्सेस ने बलहीना करके रख दिया है। | E30: jinhen doosre test ki shakses ne balaheena karke rakh diya hai. | G30: =IFERROR(ROUND(M30/N30*100,2),0) | H30: =IFERROR(ROUND(O30/P30*100,2),0) | I30: jinhen, balaheena | K30: 4.19 | L30: ok | M30: 9 | N30: 12 | O30: 0 | P30: 0
A31: common_voice_ur_31784924.wav | B31: اس موقع سے وہ کیا فائدہ اٹھاتا ہے۔ | C31: is moqa se woh kya faaida athata hai. | D31: इस मौका से वो क्या फायदा उठाता है? | E31: is mauka se woh kya phaayda uthata hai? | G31: =IFERROR(ROUND(M31/N31*100,2),0) | H31: =IFERROR(ROUND(O31/P31*100,2),0) | I31: mauka, phaayda | K31: 3.32 | L31: ok | M31: 6 | N31: 8 | O31: 0 | P31: 0
A32: common_voice_ur_31784926.wav | B32: میں مجبور ہو گیا تھا | C32: mein majabor ho gaya tha | D32: मैं मजबूर हो गया था। | E32: main majaboor ho gaya tha. | G32: =IFERROR(ROUND(M32/N32*100,2),0) | H32: =IFERROR(ROUND(O32/P32*100,2),0) | K32: 2.96 | L32: ok | M32: 5 | N32: 5 | O32: 0 | P32: 0
A33: common_voice_ur_31784928.wav | B33: کہ فلم نے ریلیز کے پہلے روز آٹھ کروڑ، | C33: ke film ne riliz ke pehle roz aath crore, | D33: के फिल्म ने रिलीज के पहले रोज आठ करोड़ | E33: ke film ne rileej ke pahle roj aath crore | G33: =IFERROR(ROUND(M33/N33*100,2),0) | H33: =IFERROR(ROUND(O33/P33*100,2),0) | I33: rileej, roj | K33: 4.17 | L33: ok | M33: 7 | N33: 9 | O33: 0 | P33: 0
A34: common_voice_ur_31784929.wav | B34: تو دیکھیے گا۔ | C34: to dikhie ga. | D34: तो देखेगा | E34: to dekhega | G34: =IFERROR(ROUND(M34/N34*100,2),0) | H34: =IFERROR(ROUND(O34/P34*100,2),0) | I34: dekhega | K34: 2.7 | L34: ok | M34: 1 | N34: 3 | O34: 0 | P34: 0
A35: common_voice_ur_31784930.wav | B35: شادی ہوتی ہے۔ | C35: shadi hoti hai. | D35: शादी होती है। | E35: shadi hoti hai. | G35: =IFERROR(ROUND(M35/N35*100,2),0) | H35: =IFERROR(ROUND(O35/P35*100,2),0) | K35: 2.66 | L35: ok | M35: 3 | N35: 3 | O35: 0 | P35: 0
A36: common_voice_ur_31784931.wav | B36: کہ آخر زمین کا درجہ حرارت بڑھنے کے اس عمل کو | C36: ke aakhar zamin ka darja hraarat barhane ke is mal ko | D36: के आखिर जमीन का तरजीह गर्मारत बढ़ने के इस अंबल को | E36: ke akhir jameen ka tarajeeh garmaarat barhne ke is anbal ko | G36: =IFERROR(ROUND(M36/N36*100,2),0) | H36: =IFERROR(ROUND(O36/P36*100,2),0) | I36: jameen, tarajeeh, anbal | K36: 4.98 | L36: ok | M36: 8 | N36: 11 | O36: 0 | P36: 0
A37: common_voice_ur_31784942.wav | B37: جو امریکہ کہتاتھا وہی ٹھیک ٹھہرتا۔ | C37: jo amarika kahtaatha ohi theek thahrata. | D37: जो अमेरिका कहता था वही ठीक ठहरता। | E37: jo America kahta tha wahi theek thaharta. | G37: =IFERROR(ROUND(M37/N37*100,2),0) | H37: =IFERROR(ROUND(O37/P37*100,2),0) | I37: tha, wahi | K37: 3.37 | L37: ok | M37: 5 | N37: 6 | O37: 0 | P37: 0
A38: common_voice_ur_31784945.wav | B38: روح کی غذا اللہ کا ذکر ہے | C38: roh ki ghaza alla ka zakar hai | D38: रू की वजह लाका जिकर है। | E38: roo ki wajah laka jikar hai. | G38: =IFERROR(ROUND(M38/N38*100,2),0) | H38: =IFERROR(ROUND(O38/P38*100,2),0) | I38: roo, wajah, laka, jikar | K38: 8.04 | L38: ok | M38: 2 | N38: 7 | O38: 0 | P38: 0
A39: common_voice_ur_31784946.wav | B39: تو ان چہروں کی وجہ سے۔ | C39: to in chaharon ki wajah se. | D39: तो इन चेहरों की वजह से | E39: to in cheharon ki wajah se | G39: =IFERROR(ROUND(M39/N39*100,2),0) | H39: =IFERROR(ROUND(O39/P39*100,2),0) | K39: 3.02 | L39: ok | M39: 6 | N39: 6 | O39: 0 | P39: 0
A40: common_voice_ur_31789217.wav | B40: سیاسی جماعتیں بھی دانستہ اس کلچرکو فروغ دیتی ہیں۔ | C40: siaasi jmaatin bhi daansata is kalcharako farogh diti hain. | D40: सेवासी जमातें भी दानिस्ता इस कल्चर को फर्क देती हैं। | E40: sewasi jamaaten bhi daanista is culture ko phark deti hain. | G40: =IFERROR(ROUND(M40/N40*100,2),0) | H40: =IFERROR(ROUND(O40/P40*100,2),0) | I40: sewasi, culture, ko, phark | K40: 3.87 | L40: ok | M40: 6 | N40: 9 | O40: 0 | P40: 0
A41: common_voice_ur_31789218.wav | B41: جلائے جاتے ہیں | C41: jlaaie jate hain | D41: जलाए जाते हैं। | E41: jalaae jate hain. | G41: =IFERROR(ROUND(M41/N41*100,2),0) | H41: =IFERROR(ROUND(O41/P41*100,2),0) | K41: 2.93 | L41: ok | M41: 3 | N41: 3 | O41: 0 | P41: 0
A42: common_voice_ur_31789219.wav | B42: امريکا کی پہلی ڈیجیٹل کلاک کے بانی نے اسے اپنے کارخانے میں بنایا تھا اور اب اس کی فروخت کر دی گئی ہے | C42: amarika ki pahali dijital klaak ke bani ne isay apane kaarakhane mein banaya tha aur ab is ki farokhat kar D gayi hai | D42: अमेरिका की पहली डिजिटल कलाओं के बानी ने इससे अपने कारखाने में बनाया था और अब इसकी फरोक कर दी गई है। | E42: America ki pahli dijital kalaaon ke bani ne isse apne kaarakhane mein banaya tha aur ab iski pharok kar D gai hai. | G42: =IFERROR(ROUND(M42/N42*100,2),0) | H42: =IFERROR(ROUND(O42/P42*100,2),0) | I42: kalaaon, isse, iski, pharok | K42: 4.3 | L42: ok | M42: 18 | N42: 23 | O42: 0 | P42: 0
A43: common_voice_ur_31789220.wav | B43: اب سچ وہی ہے | C43: ab sach ohi hai | D43: अब सच हुई है। | E43: ab sach hui hai. | G43: =IFERROR(ROUND(M43/N43*100,2),0) | H43: =IFERROR(ROUND(O43/P43*100,2),0) | I43: hui | K43: 2.93 | L43: ok | M43: 3 | N43: 4 | O43: 0 | P43: 0
A44: common_voice_ur_31789221.wav | B44: کے بعد تین جرنیل واپس چلے گئے | C44: ke baad teen jaranil oaapas chale gaye | D44: के बातीन जर्नल वापस चली गई। | E44: ke baateen jarnal waapas chali gai. | G44: =IFERROR(ROUND(M44/N44*100,2),0) | H44: =IFERROR(ROUND(O44/P44*100,2),0) | I44: gai | K44: 4.83 | L44: ok | M44: 5 | N44: 7 | O44: 0 | P44: 0
A45: common_voice_ur_31789326.wav | B45: ویسی ہی ہیں۔ | C45: oisi hi hain. | D45: वैसे ही हैं। | E45: waise hi hain. | G45: =IFERROR(ROUND(M45/N45*100,2),0) | H45: =IFERROR(ROUND(O45/P45*100,2),0) | I45: waise | K45: 2.87 | L45: ok | M45: 2 | N45: 3 | O45: 0 | P45: 0
A46: common_voice_ur_31789431.wav | B46: آسانی سے ناراض نہیں ہوتا | C46: aasani se naraaz nahi hota | D46: आसानी से नाराज नहीं होता। | E46: aasani se naaraaj nahi hota. | G46: =IFERROR(ROUND(M46/N46*100,2),0) | H46: =IFERROR(ROUND(O46/P46*100,2),0) | K46: 2.88 | L46: ok | M46: 5 | N46: 5 | O46: 0 | P46: 0
A47: common_voice_ur_31789433.wav | B47: خراب موسم کی صورتحال کی وجہ سے عالمی پیداوار میں کمی کے بڑھتے ہوئے | C47: khraab mosam ki sorthaal ki wajah se aalami pidaaoaar mein kami ke barhate hoie | D47: ख़राब मौसम की सूरतेहाल की वजह से आलमी पैदावार में कमी के बढ़ते हुए | E47: kharab mausam ki sooratehaal ki wajah se aalmi paidaawaar mein kami ke barhte hue | G47: =IFERROR(ROUND(M47/N47*100,2),0) | H47: =IFERROR(ROUND(O47/P47*100,2),0) | I47: hue | K47: 3.64 | L47: ok | M47: 13 | N47: 14 | O47: 0 | P47: 0
A48: common_voice_ur_31789438.wav | B48: ان کی ضرورت کا ادراک مگر کم لوگ ہی کر پاتے ہیں۔ | C48: in ki zarorat ka adraak magar kam log hi kar pate hain. | D48: इनकी जरूरत का दरार मगर कम लोग ही कर पाते हैं। | E48: inki jaroorat ka daraar magar kam log hi kar pate hain. | G48: =IFERROR(ROUND(M48/N48*100,2),0) | H48: =IFERROR(ROUND(O48/P48*100,2),0) | I48: inki, daraar | K48: 3.36 | L48: ok | M48: 9 | N48: 12 | O48: 0 | P48: 0
A49: common_voice_ur_31789531.wav | B49: پاکستان ہاکی ٹیم اج ہالینڈ سے ٹکرا ئے گی | C49: Pakistan haki tim aj haalinad se takara ie gi | D49: पाकिस्तान हॉकी टीम आज हालैंड से टकराएगी। | E49: Pakistan hockey team aaj haalaind se takaraaegi. | G49: =IFERROR(ROUND(M49/N49*100,2),0) | H49: =IFERROR(ROUND(O49/P49*100,2),0) | I49: hockey, team | K49: 3.55 | L49: ok | M49: 5 | N49: 9 | O49: 0 | P49: 0
A50: common_voice_ur_31789532.wav | B50: بال ٹمپرنگ کیس سٹریلوی سزا یافتہ کھلاڑیوں نےغلطی کا اعتراف کر لیا | C50: baal tamparnag kis satariloi saza iaafta khlaarion neghlati ka atraaf kar liya | D50: बॉल टेम्परिंग केस, ऑस्ट्रेलियाई सजा यात्रा खिलाड़ियों ने गलती का इतराफ कर लिया। | E50: bol temparing kes, ostreliyaai saja yaatra khilaariyon ne galti ka itaraaph kar liya. | G50: =IFERROR(ROUND(M50/N50*100,2),0) | H50: =IFERROR(ROUND(O50/P50*100,2),0) | I50: bol, kes, ostreliyaai, yaatra, ne, galti, itaraaph | K50: 4.72 | L50: ok | M50: 6 | N50: 12 | O50: 0 | P50: 0
A51: common_voice_ur_31789533.wav | B51: صرف پانچ سوالات جغرافیے کے تھے | C51: saraf panch soalaat jaghraafie ke thay | D51: सिर्फ पांच सौ वाला ज्योग्राफी के थे। | E51: sirf panch sau wala jyograaphi ke the. | G51: =IFERROR(ROUND(M51/N51*100,2),0) | H51: =IFERROR(ROUND(O51/P51*100,2),0) | I51: sirf, sau, wala, jyograaphi, the | K51: 3.37 | L51: ok | M51: 2 | N51: 6 | O51: 0 | P51: 0
A52: common_voice_ur_31789534.wav | B52: آرمینیا کا موسم گرما کا وقت | C52: aaraminiaa ka mosam garama ka waqt | D52: अर्मानिया का मौसम गर्मा का वक्त। | E52: armaaniya ka mausam garma ka waqt. | G52: =IFERROR(ROUND(M52/N52*100,2),0) | H52: =IFERROR(ROUND(O52/P52*100,2),0) | I52: armaaniya | K52: 3.33 | L52: ok | M52: 5 | N52: 6 | O52: 0 | P52: 0
A53: common_voice_ur_31789594.wav | B53: راستے سے پاکستان چلا گیا۔ | C53: raasate se Pakistan chala gaya. | D53: रास्ते से पाकिस्तान चला गया। | E53: raaste se Pakistan chala gaya. | G53: =IFERROR(ROUND(M53/N53*100,2),0) | H53: =IFERROR(ROUND(O53/P53*100,2),0) | K53: 2.99 | L53: ok | M53: 5 | N53: 5 | O53: 0 | P53: 0
A54: common_voice_ur_31789595.wav | B54: اتنی ڈھیر ساری مثبت باتیں سننے کے بعد میں نے اچانک سوال کیا | C54: atani dhir sari masbat baatin sanane ke baad mein ne achanak soaal kya | D54: इतनी ढेर सारी मुसब्बत बातें सुनने के बाद मैंने अचानक सवाल किया। | E54: itni dher sari musabbat baaten sunne ke baad maine achanak sawaal kiya. | G54: =IFERROR(ROUND(M54/N54*100,2),0) | H54: =IFERROR(ROUND(O54/P54*100,2),0) | I54: itni, maine | K54: 3.9 | L54: ok | M54: 10 | N54: 13 | O54: 0 | P54: 0
A55: common_voice_ur_31789596.wav | B55: آپ کو کوئی ایسی حرکت نہیں کرنی | C55: aap ko koi aisi harkat nahi karani | D55: आपको कोई ऐसी हरकत नहीं करनी। | E55: aapko koi aisi harakat nahi karni. | G55: =IFERROR(ROUND(M55/N55*100,2),0) | H55: =IFERROR(ROUND(O55/P55*100,2),0) | K55: 3.09 | L55: ok | M55: 6 | N55: 7 | O55: 0 | P55: 0
A56: common_voice_ur_31789691.wav | B56: مدینہ مگر ایک تکثیری معاشرہ تھا۔ | C56: madina magar aik takasiri maaashra tha. | D56: मदीना मगर एक तकसीरी माशरा था। | E56: madeena magar ek takaseeri maashra tha. | G56: =IFERROR(ROUND(M56/N56*100,2),0) | H56: =IFERROR(ROUND(O56/P56*100,2),0) | I56: ek | K56: 3.1 | L56: ok | M56: 5 | N56: 6 | O56: 0 | P56: 0
A57: common_voice_ur_31789693.wav | B57: جہاں باپ اور بھائیوں کو بھینٹ چڑھا دیا جاتا ہے۔ | C57: jhaan baap aur bhaaiion ko bhinat charha diya jaata hai. | D57: जहाँ बाप और भाइयों को भेंट चढ़ाया दिया जाता है। | E57: jahaan baap aur bhaaiyon ko bhent charhaya diya jaata hai. | G57: =IFERROR(ROUND(M57/N57*100,2),0) | H57: =IFERROR(ROUND(O57/P57*100,2),0) | K57: 3.67 | L57: ok | M57: 10 | N57: 10 | O57: 0 | P57: 0
A58: common_voice_ur_31801431.wav | B58: ڈیرن سیمی کا نرالا انداز کرتا زیب تن کرلیا | C58: diran simi ka narala andaaz karta zib tan karaliaa | D58: डैरेंस हमीन का निराला अंदाज करता जेब तन कर लिया। | E58: dairens hameen ka nirala andaaj karta jeb tan kar liya. | G58: =IFERROR(ROUND(M58/N58*100,2),0) | H58: =IFERROR(ROUND(O58/P58*100,2),0) | I58: dairens, hameen, jeb, kar, liya | K58: 3.98 | L58: ok | M58: 5 | N58: 9 | O58: 0 | P58: 0
A59: common_voice_ur_31813852.wav | B59: ٹام کچھ کہنے ہی والا تھا۔ | C59: taam kachh kahane hi oaala tha. | D59: टॉम कुछ कहने ही वाला था। | E59: tom kuch kahne hi wala tha. | G59: =IFERROR(ROUND(M59/N59*100,2),0) | H59: =IFERROR(ROUND(O59/P59*100,2),0) | I59: tom, kuch, wala | K59: 2.8 | L59: ok | M59: 3 | N59: 6 | O59: 0 | P59: 0
A60: common_voice_ur_31813855.wav | B60: یہاں منڈی میں بالآخر کسی قِسم کی فہم ہے وہ کہتی ہے | C60: yhaan manadi mein balaakhar kasi qisam ki faham hai woh kahati hai | D60: ये मंडी में बिल्कुल किसी काम की फिल्म है वो कहती है। | E60: yeh mandi mein bilkul kisi kaam ki film hai woh kahti hai. | G60: =IFERROR(ROUND(M60/N60*100,2),0) | H60: =IFERROR(ROUND(O60/P60*100,2),0) | I60: yeh, bilkul, kaam, film | K60: 3.59 | L60: ok | M60: 8 | N60: 12 | O60: 0 | P60: 0
A61: common_voice_ur_31813894.wav | B61: ویسٹ انڈیز کی ٹیم کراچی پہنچ گئی | C61: oisat anadiz ki tim Karachi pahnach gayi | D61: वेस्टइंडीज की टीम कराची पहुंच गई। | E61: westaindeej ki team Karachi pahunch gai. | G61: =IFERROR(ROUND(M61/N61*100,2),0) | H61: =IFERROR(ROUND(O61/P61*100,2),0) | I61: westaindeej, team | K61: 3.73 | L61: ok | M61: 4 | N61: 7 | O61: 0 | P61: 0
A62: common_voice_ur_31813900.wav | B62: ماہرین کا خیال ہے کہ پھل اور سبزیاں انسانی خوراک کا لازمی جز ہونی چاہئیں | C62: maaharin ka khayal hai ke phal aur sabaziaan anasani khoraak ka laazami jaz honi chaahaiin | D62: मेरे इनका ख्याल है कि पाल और सब्जियां इंसानी खाने का आवश्यक जूस होनी चाहिए। | E62: mere inka khyaal hai ki paal aur sabjiyaan insani khane ka aawashyak juice honi chahiye. | G62: =IFERROR(ROUND(M62/N62*100,2),0) | H62: =IFERROR(ROUND(O62/P62*100,2),0) | I62: mere, inka, khyaal, hai, ki, paal, aur, sabjiyaan, insani, khane, aawashyak, juice, chahiye | K62: 4.3 | L62: ok | M62: 2 | N62: 15 | O62: 0 | P62: 0
A63: common_voice_ur_31813944.wav | B63: احسان مانی اسد خان کی پی سی بی گورننگ باڈی میں نامزدگی نوٹیفکیشن جاری | C63: ahsaan mani asad khaan ki pi si B gornanag badi mein naamzadagi notifakishan jari | D63: ऐसानमानी असद खान की PCB गवर्निंग बॉडी में नामजदगी नोटिफिकेशन जारी | E63: aisaanamani asad khaan ki PCB gawarning bodi mein naamajadgi notiphikeshan jari | G63: =IFERROR(ROUND(M63/N63*100,2),0) | H63: =IFERROR(ROUND(O63/P63*100,2),0) | I63: aisaanamani, pcb, gawarning | K63: 3.9 | L63: ok | M63: 8 | N63: 14 | O63: 0 | P63: 0
A64: common_voice_ur_31813964.wav | B64: کیا شریف خاندان کو ان کے سوالات کے جواب ملیں گے؟ | C64: kya sharif khaandaan ko in ke soalaat ke joaab malin ge? | D64: क्या शरीफ खानदान को इनके सवालात के जवाब मिलेंगे? | E64: kya shareeph khaanadaan ko inke sawaalaat ke jawaab milenge? | G64: =IFERROR(ROUND(M64/N64*100,2),0) | H64: =IFERROR(ROUND(O64/P64*100,2),0) | I64: shareeph, inke, sawaalaat, milenge | K64: 3.5 | L64: ok | M64: 5 | N64: 11 | O64: 0 | P64: 0
A65: common_voice_ur_31813966.wav | B65: اور ہمارے کھلاڑیوں نے بھی ہمیں مایوس نہیں کیا | C65: aur humare khlaarion ne bhi hamin maaios nahi kya | D65: और हमारे खिलाड़ियों ने भी हमें मायूस नहीं किया। | E65: aur hamare khilaariyon ne bhi hamein maayoos nahi kiya. | G65: =IFERROR(ROUND(M65/N65*100,2),0) | H65: =IFERROR(ROUND(O65/P65*100,2),0) | K65: 3.68 | L65: ok | M65: 9 | N65: 9 | O65: 0 | P65: 0
A66: common_voice_ur_31813968.wav | B66: بچوں کو سلا دو | C66: bachon ko sala do | D66: बच्चों को सलाह दो। | E66: bachchon ko salaah do. | G66: =IFERROR(ROUND(M66/N66*100,2),0) | H66: =IFERROR(ROUND(O66/P66*100,2),0) | K66: 2.83 | L66: ok | M66: 4 | N66: 4 | O66: 0 | P66: 0
A67: common_voice_ur_31813969.wav | B67: ملک میں بڑے بڑے کاروبار شروع کر رکھے ہیں | C67: malak mein bare bare kaarobaar sharo kar rakhe hain | D67: मुल्क में बड़े बड़े पर्यावरण शुरू कर रखे हैं। | E67: mulk mein bare bare paryaawaran shuroo kar rakhe hain. | G67: =IFERROR(ROUND(M67/N67*100,2),0) | H67: =IFERROR(ROUND(O67/P67*100,2),0) | I67: mulk, paryaawaran | K67: 3.84 | L67: ok | M67: 7 | N67: 9 | O67: 0 | P67: 0
A68: common_voice_ur_31813971.wav | B68: میں دنیا کی ساتویں ایٹمی طاقت اور دنیا کے پانچویں بڑے مُلک کا وزیراطلاعات ہوں | C68: mein daniaa ki saatoin aitami taaqat aur daniaa ke paanachoin bare mulak ka oziraatlaaaat hoon | D68: मैं दुनिया की सातवीं एडवेंचर ताकत और दुनिया की पांचवीं बड़े मुद्दे का वजीरेत्लात हूँ। | E68: main duniya ki saatawin edawenchar taakat aur duniya ki paanchawin bare mudde ka wajeeretlaat hoon. | G68: =IFERROR(ROUND(M68/N68*100,2),0) | H68: =IFERROR(ROUND(O68/P68*100,2),0) | I68: duniya, edawenchar, duniya, ki, mudde, wajeeretlaat | K68: 4.31 | L68: ok | M68: 9 | N68: 15 | O68: 0 | P68: 0
A69: common_voice_ur_31813974.wav | B69: جب پاکستان آتے ہیں تو پاکستانی پاسپورٹ نکال لیتے ہیں | C69: jab Pakistan aate hain to Pakistani paasaporat nkaal lite hain | D69: जब पाकिस्तान आते हैं तो पाकिस्तानी पासपोर्ट निकाल लेते हैं। | E69: jab Pakistan aate hain to paakistani paasaport nikaal lete hain. | G69: =IFERROR(ROUND(M69/N69*100,2),0) | H69: =IFERROR(ROUND(O69/P69*100,2),0) | K69: 3.78 | L69: ok | M69: 10 | N69: 10 | O69: 0 | P69: 0
A70: common_voice_ur_31813994.wav | B70: میں ان سوالات کی گرفت میں ہوں۔ | C70: mein in soalaat ki garfat mein hoon. | D70: मैं इन सवालात की गिरफ्त में हूँ। | E70: main in sawaalaat ki girapht mein hoon. | G70: =IFERROR(ROUND(M70/N70*100,2),0) | H70: =IFERROR(ROUND(O70/P70*100,2),0) | I70: girapht | K70: 3.27 | L70: ok | M70: 6 | N70: 7 | O70: 0 | P70: 0
A71: common_voice_ur_31814003.wav | B71: تھانوں میں ہوتی ہو، میری حفاظت کے لیے تو نہیں ہے۔ | C71: thaanon mein hoti ho, meri hfaazat ke liye to nahi hai. | D71: थानों में होती हो मेरी अफ़ाज़द के लिए तो नहीं है। | E71: thaanon mein hoti ho meri afaazad ke liye to nahi hai. | G71: =IFERROR(ROUND(M71/N71*100,2),0) | H71: =IFERROR(ROUND(O71/P71*100,2),0) | K71: 4.04 | L71: ok | M71: 11 | N71: 11 | O71: 0 | P71: 0
A72: common_voice_ur_31814004.wav | B72: غیر متوقع دعوتوں کو پسند کرتا ہوں | C72: ghir matoqa daoton ko pasnad karta hoon | D72: गैर मतवका दावतों को पसंद करता हूँ। | E72: gair matawka daawaton ko pasand karta hoon. | G72: =IFERROR(ROUND(M72/N72*100,2),0) | H72: =IFERROR(ROUND(O72/P72*100,2),0) | I72: matawka | K72: 3.33 | L72: ok | M72: 6 | N72: 7 | O72: 0 | P72: 0
A73: common_voice_ur_31814005.wav | B73: تم مجھ سے ناراض کیوں ہو؟ | C73: tum majh se naraaz kyun ho? | D73: तुम मुझसे नाराज क्यों हो? | E73: tum mujhse naaraaj kyon ho? | G73: =IFERROR(ROUND(M73/N73*100,2),0) | H73: =IFERROR(ROUND(O73/P73*100,2),0) | I73: mujhse | K73: 3.38 | L73: ok | M73: 4 | N73: 6 | O73: 0 | P73: 0
A74: common_voice_ur_31814052.wav | B74: اگلے ماہ پاکستان ویسٹ انڈیز کا دورہ کرے گا | C74: agle ma Pakistan oisat anadiz ka daura kare ga | D74: अगले माह पाकिस्तान वेस्ट इंडीज का दौरा करेगा। | E74: agle maah Pakistan west indeej ka daura karega. | G74: =IFERROR(ROUND(M74/N74*100,2),0) | H74: =IFERROR(ROUND(O74/P74*100,2),0) | I74: maah, west, indeej | K74: 3.73 | L74: ok | M74: 5 | N74: 9 | O74: 0 | P74: 0
A75: common_voice_ur_31814054.wav | B75: انسان نے جبر سے آزادی کے لیے ایک طویل سفر کیا ہے۔ | C75: ansaan ne jabar se aazadi ke liye aik toil safar kya hai. | D75: इंसान ने जबर से आजादी के लिए एक तवील सफर किया है। | E75: insaan ne jabar se aajadi ke liye ek taweel saphar kiya hai. | G75: =IFERROR(ROUND(M75/N75*100,2),0) | H75: =IFERROR(ROUND(O75/P75*100,2),0) | I75: ek, taweel | K75: 3.56 | L75: ok | M75: 10 | N75: 12 | O75: 0 | P75: 0
A76: common_voice_ur_31814055.wav | B76: گوادر مستقبل کا دبئی ثابت ہوگا برطانوی اخبار | C76: goaadar mastaqbal ka dabaii saabat hoga bartaanoi akhbaar | D76: دوادر مستقبل کد وی سوابط هوگر باتر می اخبار. | E76: دوادر مستقبل کد وی سوابط هوگر باتر می اخبار. | G76: =IFERROR(ROUND(M76/N76*100,2),0) | H76: =IFERROR(ROUND(O76/P76*100,2),0) | I76: دوادر, مستقبل, کد, وی, سوابط, هوگر, باتر, می, اخبار | K76: 3.27 | L76: ok | M76: 0 | N76: 8 | O76: 0 | P76: 0
A77: common_voice_ur_31814056.wav | B77: ان کی للکار تو اب بھی ویسے ہی ہے۔ | C77: in ki lalkaar to ab bhi oise hi hai. | D77: इनकी लाकार तो अब भी वैसी ही है। | E77: inki laakaar to ab bhi waisi hi hai. | G77: =IFERROR(ROUND(M77/N77*100,2),0) | H77: =IFERROR(ROUND(O77/P77*100,2),0) | I77: inki, waisi | K77: 3.39 | L77: ok | M77: 6 | N77: 9 | O77: 0 | P77: 0
A78: common_voice_ur_31814094.wav | B78: افسوس کہ آج دین خیر خواہی نہیں، عصبیت کا نام ہے۔ | C78: afasos ke aaj din khir khoaahi nahi, sabit ka naam hai. | D78: अफसोस के आज दिन खैर कोई नहीं अपसीयत का नाम है। | E78: aphasos ke aaj din khair koi nahi apaseeyat ka naam hai. | G78: =IFERROR(ROUND(M78/N78*100,2),0) | H78: =IFERROR(ROUND(O78/P78*100,2),0) | I78: koi, apaseeyat | K78: 3.62 | L78: ok | M78: 9 | N78: 11 | O78: 0 | P78: 0
A79: common_voice_ur_31814111.wav | B79: مہم جو ہوں | C79: maham jo hoon | D79: Moham Jojo. | E79: Moham Jojo. | G79: =IFERROR(ROUND(M79/N79*100,2),0) | H79: =IFERROR(ROUND(O79/P79*100,2),0) | I79: jojo | K79: 2.7 | L79: ok | M79: 1 | N79: 3 | O79: 0 | P79: 0
A80: common_voice_ur_31814112.wav | B80: وہ ماحول پاکستان کا ماحول نہیں ہے۔ | C80: woh maahol Pakistan ka maahol nahi hai. | D80: वो माहौल पाकिस्तान का माहौल नहीं है। | E80: woh maahaul Pakistan ka maahaul nahi hai. | G80: =IFERROR(ROUND(M80/N80*100,2),0) | H80: =IFERROR(ROUND(O80/P80*100,2),0) | K80: 3.5 | L80: ok | M80: 7 | N80: 7 | O80: 0 | P80: 0
A81: common_voice_ur_31814113.wav | B81: ضبوط حریف کے خلاف شروع ہونے | C81: zabot harif ke khlaaf sharo hone | D81: مجبورت هریف که خلاف شروع کرده. | E81: مجبورت هریف که خلاف شروع کرده. | G81: =IFERROR(ROUND(M81/N81*100,2),0) | H81: =IFERROR(ROUND(O81/P81*100,2),0) | I81: مجبورت, هریف, که, خلاف, شروع, کرده | K81: 3.06 | L81: ok | M81: 0 | N81: 6 | O81: 0 | P81: 0
A82: common_voice_ur_31814157.wav | B82: اداکارہ سمرن کیسی خوبصورتی ہے | C82: daakara samran kisi khobasorati hai | D82: अदकारा समरन कैसी खूबसूरती हैं? | E82: adakara samaran kaisi khoobasoorti hain? | G82: =IFERROR(ROUND(M82/N82*100,2),0) | H82: =IFERROR(ROUND(O82/P82*100,2),0) | K82: 3.56 | L82: ok | M82: 5 | N82: 5 | O82: 0 | P82: 0
A83: common_voice_ur_31814158.wav | B83: مارکس کے ہاں یہ طبقاتی کشمکش ہے۔ | C83: maarkas ke haan yeh tabaqati kashmakash hai. | D83: मार्कस के ये तिब्बत की कश्मोकश हैं। | E83: maarkas ke yeh tibbat ki kashmokash hain. | G83: =IFERROR(ROUND(M83/N83*100,2),0) | H83: =IFERROR(ROUND(O83/P83*100,2),0) | I83: tibbat, ki | K83: 3.42 | L83: ok | M83: 5 | N83: 7 | O83: 0 | P83: 0
A84: common_voice_ur_31814180.wav | B84: خاندان، علاقہ، خیالات اشتراک کے بہت سے زاویے ہیں۔ | C84: khaandaan, laqa, khialaat ashtraak ke bahat se zaaoie hain. | D84: खंडान हैलाका में ख़यालात इस्तरा के बोध से जाविये हैं। | E84: khandaan hailaka mein khayaalaat istara ke bodh se jaawiye hain. | G84: =IFERROR(ROUND(M84/N84*100,2),0) | H84: =IFERROR(ROUND(O84/P84*100,2),0) | I84: hailaka, mein, istara, bodh, jaawiye | K84: 3.79 | L84: ok | M84: 5 | N84: 9 | O84: 0 | P84: 0
A85: common_voice_ur_31814181.wav | B85: نظر میں وہ صرف ایک ماڈل ہیں | C85: nazar mein woh saraf aik maadal hain | D85: नजर में वो सिर्फ एक मॉडल है। | E85: najar mein woh sirf ek modal hai. | G85: =IFERROR(ROUND(M85/N85*100,2),0) | H85: =IFERROR(ROUND(O85/P85*100,2),0) | I85: sirf, ek | K85: 9.09 | L85: ok | M85: 5 | N85: 7 | O85: 0 | P85: 0
A86: common_voice_ur_31814182.wav | B86: یہ کام برسوں محنت اور تسلسل کے ساتھ کیا گیا ہے۔ | C86: yeh kaam barason mehnat aur taslasal ke saath kya gaya hai. | D86: ये काम बरसों मेहनत और तसल्ली के साथ किया गया है। | E86: yeh kaam barason mehanat aur tasalli ke saath kiya gaya hai. | G86: =IFERROR(ROUND(M86/N86*100,2),0) | H86: =IFERROR(ROUND(O86/P86*100,2),0) | I86: tasalli | K86: 3.58 | L86: ok | M86: 10 | N86: 11 | O86: 0 | P86: 0
A87: common_voice_ur_31814183.wav | B87: جو چاہے کر سکتے تھے۔ | C87: jo chahe kar sakate thay. | D87: जो चाहे कर सकते थे। | E87: jo chahe kar sakte the. | G87: =IFERROR(ROUND(M87/N87*100,2),0) | H87: =IFERROR(ROUND(O87/P87*100,2),0) | I87: the | K87: 2.84 | L87: ok | M87: 4 | N87: 5 | O87: 0 | P87: 0
A88: common_voice_ur_31814185.wav | B88: دوسرے اس موقع پر جب کوئی عالمِ دین کسی خاص واقعے کے حوالے سے اپنا قانونی فیصلہ صادر کرتا ہے | C88: dosare is moqa par jab koi aalami din kasi khaas oaaqae ke hoaale se apna qaanoni faisla saadar karta hai | D88: दूसरे इस मौके पर जब कोई आलमेदीन किसी खास वाकई के कवाले से अपना कानूनी फैसला सदार करता है। | E88: doosre is mauke par jab koi aalamedeen kisi khaas waakai ke kawale se apna kaanooni faisla sadaar karta hai. | G88: =IFERROR(ROUND(M88/N88*100,2),0) | H88: =IFERROR(ROUND(O88/P88*100,2),0) | I88: mauke, aalamedeen, waakai, kawale | K88: 4.43 | L88: ok | M88: 15 | N88: 20 | O88: 0 | P88: 0
A89: common_voice_ur_31814217.wav | B89: حکومت میں جو اختلاف دکھائی دے رہا ہے اس کا بڑا | C89: hakomat mein jo akhtlaaf dikhayi de raha hai is ka bara | D89: अकुमत में जो एकतालाफ़ दिखाई दे रहा है इसका बड़ा | E89: akumat mein jo ekataalaaf dikhaai de raha hai iska bara | G89: =IFERROR(ROUND(M89/N89*100,2),0) | H89: =IFERROR(ROUND(O89/P89*100,2),0) | I89: ekataalaaf, iska | K89: 3.78 | L89: ok | M89: 8 | N89: 11 | O89: 0 | P89: 0
A90: common_voice_ur_31814220.wav | B90: پاکستان کے آئین و قانون کے مطابق | C90: Pakistan ke aaiin o qaanon ke mtaabaq | D90: पाकिस्तान के आयनो कानून के मुताबिक. | E90: Pakistan ke aayno kaanoon ke mutaabik. | G90: =IFERROR(ROUND(M90/N90*100,2),0) | H90: =IFERROR(ROUND(O90/P90*100,2),0) | I90: aayno, mutaabik | K90: 3.05 | L90: ok | M90: 4 | N90: 7 | O90: 0 | P90: 0
A91: common_voice_ur_31814233.wav | B91: انہیں سمجھنا چاہیے کہ حکومت ایک صبر آزما کام ہے۔ | C91: anahin samjhana chahiye ke hakomat aik sabar aazama kaam hai. | D91: उन्हें समझना चाहिए कि हकूमत एक सबर अजमा काम है। | E91: unhein samajhna chahiye ki hakoomat ek sabar ajma kaam hai. | G91: =IFERROR(ROUND(M91/N91*100,2),0) | H91: =IFERROR(ROUND(O91/P91*100,2),0) | I91: unhein, ki, ek, ajma | K91: 3.45 | L91: ok | M91: 6 | N91: 10 | O91: 0 | P91: 0
A92: common_voice_ur_31814284.wav | B92: آگے کیا ہوتا ہے۔ | C92: aage kya hota hai. | D92: आगे क्या होता है? | E92: aage kya hota hai? | G92: =IFERROR(ROUND(M92/N92*100,2),0) | H92: =IFERROR(ROUND(O92/P92*100,2),0) | K92: 2.94 | L92: ok | M92: 4 | N92: 4 | O92: 0 | P92: 0
A93: common_voice_ur_31820111.wav | B93: وہ توانائی اورافادیت کھو بیٹھی ہے۔ | C93: woh toanaaii aorafaadit kho bithi hai. | D93: वो दवानाई और रफादियत खो बैठी है। | E93: woh dawaanaai aur raphaadiyat kho baithi hai. | G93: =IFERROR(ROUND(M93/N93*100,2),0) | H93: =IFERROR(ROUND(O93/P93*100,2),0) | I93: dawaanaai, aur, raphaadiyat | K93: 3.54 | L93: ok | M93: 4 | N93: 6 | O93: 0 | P93: 0
A94: common_voice_ur_31820112.wav | B94: اس کا حلیہ ہم نے بگاڑ کے رکھ دیا۔ | C94: is ka hali hum ne bgaar ke rakh diya. | D94: उसका हुलिया हमने बिगाड़ के रख दिया। | E94: uska huliya humne bigaar ke rakh diya. | G94: =IFERROR(ROUND(M94/N94*100,2),0) | H94: =IFERROR(ROUND(O94/P94*100,2),0) | I94: uska, huliya | K94: 3.35 | L94: ok | M94: 5 | N94: 9 | O94: 0 | P94: 0
A95: common_voice_ur_31820113.wav | B95: وہ ایسے ہی رہیں گے۔ | C95: woh aise hi rahin ge. | D95: वो ऐसे ही रहेंगे। | E95: woh aise hi rahenge. | G95: =IFERROR(ROUND(M95/N95*100,2),0) | H95: =IFERROR(ROUND(O95/P95*100,2),0) | I95: rahenge | K95: 2.91 | L95: ok | M95: 3 | N95: 5 | O95: 0 | P95: 0
A96: common_voice_ur_31820119.wav | B96: کاروبار بھی ہے۔ | C96: kaarobaar bhi hai. | D96: कारोबार भी है. | E96: kaarobaar bhi hai. | G96: =IFERROR(ROUND(M96/N96*100,2),0) | H96: =IFERROR(ROUND(O96/P96*100,2),0) | K96: 2.73 | L96: ok | M96: 3 | N96: 3 | O96: 0 | P96: 0
A97: common_voice_ur_31820120.wav | B97: دِل کو دِل سے راہ ہوتی ہے | C97: dil ko dil se ra hoti hai | D97: देल को दिल से राह होती है। | E97: del ko dil se raah hoti hai. | G97: =IFERROR(ROUND(M97/N97*100,2),0) | H97: =IFERROR(ROUND(O97/P97*100,2),0) | I97: del, raah | K97: 2.87 | L97: ok | M97: 5 | N97: 7 | O97: 0 | P97: 0
A98: common_voice_ur_31820122.wav | B98: کا مکمل کنٹرول ہے۔ | C98: ka makmal kantarol hai. | D98: कामुकमल कंट्रोल है। | E98: kaamukamal kantrol hai. | G98: =IFERROR(ROUND(M98/N98*100,2),0) | H98: =IFERROR(ROUND(O98/P98*100,2),0) | I98: kaamukamal | K98: 2.81 | L98: ok | M98: 2 | N98: 4 | O98: 0 | P98: 0
A99: common_voice_ur_31820137.wav | B99: تو اسے اپنا مقدمہ عدالت کے سامنے پیش کرنا چاہیے۔ | C99: to isay apna maqdama daalat ke saamane pish karna chahiye. | D99: तो वैसे अपना मुकदमा अदालत के सामने पेश करना चाहिए। | E99: to waise apna mukadma adaalat ke saamne pesh karna chahiye. | G99: =IFERROR(ROUND(M99/N99*100,2),0) | H99: =IFERROR(ROUND(O99/P99*100,2),0) | I99: waise, mukadma | K99: 3.54 | L99: ok | M99: 8 | N99: 10 | O99: 0 | P99: 0
A100: common_voice_ur_31820155.wav | B100: اس کی یاد دہانی پیغمبروں کے ذریعے کرائی جاتی ہے۔ | C100: is ki iaad dahani pighmabaron ke zarie kraaii jati hai. | D100: इसकी याद दिहानी पैगामेरों के जरिए कराई जाती है। | E100: iski yaad dihani paigaameron ke jarie karaai jati hai. | G100: =IFERROR(ROUND(M100/N100*100,2),0) | H100: =IFERROR(ROUND(O100/P100*100,2),0) | I100: iski, paigaameron | K100: 4.83 | L100: ok | M100: 7 | N100: 10 | O100: 0 | P100: 0
...
